0.42;0.43;0.38;0.28;0.30;35;-136
0.44;0.44;0.41;0.30;0.63;49;-107
0.48;0.46;0.47;0.31;0.36;-62;-206
0.51;0.47;0.52;0.31;0.47;-30;-220
0.50;0.47;0.51;0.31;0.39;52;-153
0.50;0.46;0.50;0.32;0.37;49;-147
0.50;0.47;0.50;0.31;0.38;56;-145
0.50;0.46;0.51;0.31;0.38;57;-152
0.49;0.46;0.50;0.31;0.38;55;-146
0.49;0.46;0.50;0.31;0.36;54;-153
0.49;0.45;0.50;0.31;0.36;63;-147
0.49;0.45;0.50;0.30;0.37;55;-153
0.49;0.45;0.50;0.30;0.37;53;-147
0.48;0.45;0.49;0.30;0.35;59;-149
0.47;0.44;0.48;0.32;0.35;100;-132
0.47;0.44;0.47;0.31;0.35;47;-146
0.46;0.44;0.47;0.31;0.34;68;-145
0.46;0.44;0.47;0.31;0.34;59;-154
0.46;0.43;0.48;0.30;0.34;54;-152
0.46;0.43;0.48;0.30;0.35;50;-149
0.46;0.43;0.49;0.30;0.35;48;-155
0.47;0.43;0.48;0.29;0.35;56;-151
0.46;0.43;0.48;0.29;0.34;52;-150
0.46;0.43;0.48;0.29;0.35;53;-148
0.47;0.43;0.49;0.29;0.35;53;-149
0.46;0.43;0.48;0.29;0.35;54;-146
0.46;0.43;0.48;0.29;0.35;54;-150
0.45;0.43;0.48;0.29;0.34;52;-149
0.46;0.43;0.48;0.28;0.35;56;-152
0.45;0.43;0.48;0.29;0.34;56;-153
0.45;0.43;0.48;0.28;0.35;52;-147
0.47;0.43;0.50;0.28;0.36;50;-152
0.48;0.44;0.53;0.28;0.37;60;-165
0.48;0.43;0.52;0.28;0.37;69;-143
0.47;0.44;0.51;0.28;0.37;46;-157
0.47;0.43;0.51;0.28;0.36;56;-144
0.46;0.43;0.49;0.28;0.36;50;-151
0.45;0.43;0.49;0.28;0.36;58;-148
0.45;0.43;0.48;0.28;0.35;57;-149
0.45;0.43;0.47;0.28;0.35;51;-148
0.44;0.42;0.45;0.27;0.34;53;-151
0.43;0.41;0.44;0.28;0.32;61;-152
0.43;0.41;0.44;0.28;0.32;51;-150
0.42;0.41;0.43;0.27;0.32;52;-152
0.43;0.42;0.44;0.27;0.32;51;-151
0.43;0.41;0.44;0.27;0.33;53;-147
0.43;0.42;0.45;0.27;0.33;50;-148
0.43;0.41;0.45;0.26;0.33;50;-147
0.43;0.41;0.45;0.27;0.33;52;-148
0.43;0.42;0.44;0.27;0.33;54;-149
0.43;0.42;0.44;0.27;0.32;52;-148
0.43;0.41;0.44;0.27;0.32;58;-147
0.43;0.42;0.44;0.26;0.32;49;-149
0.43;0.42;0.44;0.26;0.33;52;-148
0.43;0.42;0.44;0.26;0.33;54;-150
0.43;0.41;0.44;0.25;0.32;51;-147
0.43;0.41;0.44;0.25;0.32;43;-138
0.43;0.41;0.44;0.26;0.33;2;-144
0.43;0.41;0.45;0.26;0.33;-255;-150
0.43;0.41;0.44;0.26;0.32;43;-154
0.43;0.41;0.45;0.26;0.32;68;-148
0.43;0.41;0.44;0.26;0.33;60;-153
0.43;0.41;0.44;0.26;0.33;49;-145
0.43;0.41;0.44;0.25;0.32;49;-151
0.43;0.41;0.44;0.25;0.32;52;-150
0.43;0.41;0.44;0.25;0.33;57;-145
0.43;0.41;0.44;0.25;0.32;59;-150
0.42;0.40;0.43;0.25;0.32;56;-147
0.41;0.40;0.43;0.25;0.32;51;-147
0.39;0.35;0.41;0.24;0.31;54;-150
0.34;0.33;0.39;0.23;0.28;51;-158
0.25;0.32;0.36;0.21;0.22;90;-120
0.23;0.33;0.34;0.21;0.22;143;-100
0.23;0.34;0.34;0.21;0.38;77;-182
0.26;0.35;0.36;0.22;0.42;96;-111
0.28;0.37;0.37;0.23;0.42;-17;-173
0.29;0.37;0.38;0.24;0.44;36;-151
0.31;0.37;0.41;0.24;0.53;52;-164
0.31;0.37;0.41;0.25;0.54;39;-167
0.32;0.38;0.40;0.24;0.30;40;-155
0.31;0.37;0.40;0.25;0.30;45;-151
0.31;0.37;0.40;0.24;0.30;54;-151
0.31;0.37;0.40;0.24;0.30;61;-146
0.31;0.37;0.40;0.24;0.30;56;-149
0.31;0.37;0.39;0.24;0.30;49;-153
0.31;0.37;0.39;0.24;0.30;51;-147
0.30;0.37;0.39;0.24;0.30;54;-153
0.30;0.37;0.39;0.24;0.29;60;-147
0.30;0.37;0.39;0.24;0.29;53;-152
0.30;0.36;0.39;0.24;0.29;52;-150
0.31;0.37;0.39;0.23;0.29;52;-149
0.30;0.37;0.39;0.23;0.29;53;-151
0.31;0.37;0.39;0.24;0.30;58;-149
0.30;0.37;0.39;0.23;0.30;54;-149
0.31;0.36;0.39;0.23;0.29;50;-148
0.30;0.37;0.39;0.23;0.30;54;-148
0.31;0.36;0.40;0.23;0.29;59;-147
0.31;0.36;0.40;0.23;0.30;56;-147
0.31;0.37;0.40;0.23;0.29;52;-149
0.31;0.37;0.40;0.23;0.30;52;-148
0.31;0.37;0.39;0.23;0.29;52;-148
0.31;0.36;0.39;0.23;0.29;53;-148
0.31;0.36;0.39;0.23;0.30;52;-148
0.31;0.37;0.39;0.23;0.30;54;-147
0.31;0.36;0.39;0.23;0.30;54;-147
0.31;0.36;0.39;0.23;0.29;55;-149
0.31;0.36;0.39;0.23;0.29;53;-150
0.31;0.36;0.39;0.23;0.29;56;-146
0.31;0.37;0.39;0.23;0.29;54;-149
0.31;0.37;0.39;0.23;0.30;56;-148
0.31;0.37;0.40;0.23;0.30;53;-148
0.35;0.38;0.44;0.24;0.33;50;-149
0.34;0.38;0.43;0.23;0.32;50;-152
0.34;0.37;0.42;0.23;0.31;44;-155
0.33;0.37;0.41;0.23;0.31;57;-144
0.33;0.37;0.41;0.23;0.32;52;-151
0.32;0.37;0.40;0.23;0.31;52;-146
0.32;0.36;0.39;0.23;0.31;53;-149
0.32;0.36;0.38;0.23;0.30;54;-152
0.32;0.35;0.37;0.23;0.30;54;-146
0.30;0.29;0.30;0.22;0.28;55;-168
0.30;0.25;0.28;0.22;0.26;84;-228
0.29;0.24;0.29;0.21;0.25;58;-128
0.29;0.25;0.31;0.21;0.25;38;-142
0.24;0.23;0.31;0.20;0.24;111;-192
0.23;0.24;0.31;0.21;0.23;116;-130
0.35;0.24;0.32;0.22;0.26;14;-178
0.38;0.30;0.32;0.23;0.27;110;-33
0.39;0.32;0.33;0.24;0.28;44;-153
0.38;0.33;0.33;0.24;0.28;57;-166
0.39;0.33;0.32;0.24;0.28;72;-140
0.39;0.33;0.32;0.24;0.28;52;-166
0.39;0.33;0.32;0.24;0.28;70;-146
0.38;0.33;0.33;0.24;0.29;54;-150
0.38;0.34;0.32;0.24;0.28;48;-148
0.39;0.34;0.32;0.24;0.28;51;-148
0.39;0.33;0.32;0.24;0.29;61;-147
0.39;0.34;0.32;0.24;0.28;54;-146
0.38;0.34;0.32;0.24;0.29;53;-146
0.38;0.34;0.32;0.24;0.29;50;-151
0.38;0.34;0.32;0.24;0.28;55;-147
0.38;0.34;0.32;0.23;0.28;55;-147
0.38;0.34;0.32;0.24;0.28;56;-147
0.38;0.34;0.32;0.24;0.29;50;-152
0.39;0.33;0.32;0.23;0.28;51;-147
0.39;0.34;0.32;0.23;0.29;52;-148
0.38;0.34;0.32;0.23;0.28;55;-146
0.39;0.34;0.32;0.23;0.29;55;-147
0.39;0.33;0.33;0.23;0.29;53;-148
0.40;0.34;0.33;0.23;0.29;50;-149
0.42;0.34;0.34;0.23;0.30;52;-151
0.43;0.34;0.35;0.23;0.31;57;-151
0.42;0.34;0.34;0.23;0.31;65;-142
0.41;0.34;0.35;0.23;0.31;60;-147
0.42;0.34;0.35;0.23;0.31;48;-149
0.41;0.34;0.34;0.23;0.30;48;-151
0.41;0.34;0.34;0.23;0.30;51;-147
0.41;0.33;0.34;0.23;0.30;55;-151
0.40;0.33;0.34;0.23;0.30;52;-149
0.41;0.34;0.34;0.23;0.31;54;-147
0.40;0.34;0.34;0.23;0.30;53;-148
0.40;0.34;0.34;0.23;0.30;52;-146
0.40;0.34;0.34;0.22;0.30;52;-150
0.40;0.33;0.34;0.22;0.30;53;-148
0.40;0.33;0.34;0.22;0.30;52;-148
0.40;0.34;0.33;0.23;0.30;56;-148
0.40;0.34;0.34;0.22;0.30;51;-149
0.41;0.34;0.34;0.22;0.30;56;-148
0.41;0.34;0.35;0.23;0.31;56;-149
0.40;0.34;0.34;0.22;0.30;54;-138
0.41;0.34;0.33;0.22;0.30;20;-144
0.40;0.34;0.34;0.23;0.30;18;-147
0.40;0.34;0.33;0.22;0.30;58;-145
0.40;0.35;0.34;0.22;0.30;64;-152
0.40;0.35;0.33;0.22;0.30;58;-150
0.40;0.36;0.34;0.23;0.30;52;-151
0.41;0.38;0.34;0.23;0.30;73;-141
0.40;0.39;0.33;0.24;0.31;66;-135
0.39;0.37;0.33;0.23;0.30;40;-150
0.37;0.36;0.32;0.22;0.29;48;-150
0.36;0.34;0.30;0.21;0.27;47;-137
0.35;0.32;0.28;0.22;0.26;47;-152
0.35;0.32;0.31;0.21;0.26;61;-126
0.37;0.32;0.42;0.21;0.28;52;-204
0.38;0.31;0.46;0.22;0.31;50;-123
0.35;0.27;0.46;0.22;0.31;42;-185
0.34;0.28;0.43;0.21;0.30;47;-131
0.36;0.31;0.42;0.22;0.30;43;-142
0.35;0.36;0.42;0.21;0.30;78;-153
0.41;0.33;0.46;0.22;0.32;61;-149
0.43;0.37;0.47;0.23;0.34;59;-164
0.42;0.39;0.46;0.23;0.34;61;-111
0.43;0.40;0.46;0.23;0.34;34;-147
0.42;0.40;0.47;0.24;0.34;46;-142
0.43;0.40;0.47;0.24;0.35;61;-154
0.43;0.41;0.47;0.24;0.34;69;-143
0.43;0.40;0.47;0.24;0.35;45;-150
0.43;0.40;0.47;0.24;0.35;44;-152
0.42;0.40;0.47;0.24;0.34;56;-145
0.42;0.41;0.47;0.24;0.34;57;-152
0.42;0.40;0.47;0.24;0.34;61;-146
0.42;0.40;0.46;0.24;0.34;50;-151
0.42;0.40;0.46;0.24;0.34;50;-149
0.41;0.40;0.46;0.24;0.34;54;-148
0.42;0.40;0.47;0.23;0.34;56;-146
0.42;0.40;0.47;0.23;0.34;50;-149
0.42;0.40;0.48;0.23;0.34;58;-144
0.41;0.39;0.48;0.19;0.34;61;-146
0.40;0.38;0.50;0.15;0.33;-27;-156
0.40;0.36;0.48;0.14;0.31;12;-143
0.39;0.37;0.47;0.15;0.31;66;-138
0.41;0.40;0.47;0.21;0.33;98;-121
0.43;0.41;0.49;0.24;0.35;70;-150
0.42;0.41;0.49;0.24;0.35;56;-154
0.42;0.41;0.49;0.23;0.35;66;-140
0.42;0.41;0.48;0.24;0.35;56;-151
0.42;0.41;0.49;0.24;0.35;63;-144
0.42;0.40;0.49;0.23;0.35;49;-153
0.42;0.40;0.48;0.23;0.35;52;-144
0.42;0.40;0.48;0.23;0.35;60;-146
0.42;0.41;0.48;0.23;0.35;55;-148
0.42;0.41;0.48;0.23;0.35;53;-146
0.42;0.41;0.49;0.22;0.35;54;-148
0.42;0.40;0.49;0.23;0.35;54;-148
0.42;0.41;0.49;0.23;0.35;52;-147
0.42;0.41;0.49;0.23;0.35;55;-146
0.42;0.41;0.49;0.23;0.35;56;-149
0.41;0.41;0.48;0.23;0.35;53;-146
0.42;0.41;0.48;0.23;0.35;53;-149
0.41;0.41;0.48;0.23;0.35;54;-147
0.41;0.41;0.48;0.22;0.35;50;-154
0.41;0.40;0.48;0.23;0.35;57;-150
0.41;0.40;0.48;0.23;0.35;56;-152
0.41;0.40;0.48;0.22;0.35;52;-151
0.41;0.41;0.49;0.23;0.35;57;-146
0.41;0.41;0.49;0.22;0.35;48;-148
0.41;0.41;0.49;0.22;0.35;58;-147
0.41;0.40;0.49;0.22;0.35;52;-149
0.41;0.40;0.49;0.22;0.35;57;-146
0.42;0.41;0.49;0.22;0.35;54;-149
0.41;0.40;0.49;0.22;0.35;53;-146
0.41;0.40;0.48;0.23;0.35;52;-151
0.41;0.40;0.48;0.22;0.35;53;-150
0.41;0.41;0.49;0.23;0.35;58;-146
0.41;0.40;0.49;0.22;0.35;57;-148
0.41;0.40;0.49;0.22;0.35;55;-150
0.41;0.40;0.48;0.22;0.35;59;-147
0.41;0.40;0.49;0.22;0.35;51;-151
0.40;0.40;0.48;0.22;0.34;56;-149
0.41;0.40;0.49;0.22;0.35;54;-152
0.41;0.40;0.49;0.22;0.34;57;-146
0.41;0.40;0.49;0.22;0.35;55;-148
0.41;0.39;0.48;0.22;0.35;55;-142
0.40;0.40;0.49;0.22;0.34;53;-149
0.41;0.39;0.48;0.22;0.34;52;-147
0.41;0.39;0.49;0.22;0.34;54;-147
0.41;0.39;0.49;0.22;0.34;56;-147
0.40;0.39;0.48;0.22;0.34;53;-151
0.40;0.39;0.48;0.22;0.34;55;-146
0.41;0.39;0.49;0.22;0.34;54;-145
0.41;0.39;0.49;0.22;0.34;54;-150
0.41;0.39;0.48;0.22;0.34;55;-143
0.41;0.39;0.49;0.22;0.34;50;-153
0.41;0.39;0.49;0.22;0.34;55;-147
0.41;0.40;0.49;0.21;0.34;53;-148
0.42;0.40;0.49;0.22;0.34;53;-146
0.42;0.40;0.50;0.22;0.35;52;-149
0.42;0.40;0.49;0.22;0.34;59;-151
0.41;0.40;0.50;0.21;0.35;56;-150
0.41;0.40;0.49;0.22;0.35;52;-146
0.41;0.40;0.51;0.22;0.35;50;-150
0.41;0.40;0.49;0.22;0.35;58;-148
0.41;0.40;0.50;0.22;0.34;51;-148
0.41;0.40;0.50;0.22;0.35;49;-147
0.41;0.40;0.50;0.22;0.35;56;-147
0.42;0.40;0.51;0.22;0.35;52;-149
0.41;0.40;0.50;0.22;0.35;57;-146
0.41;0.40;0.50;0.22;0.34;55;-149
0.41;0.40;0.50;0.22;0.35;58;-146
0.41;0.40;0.49;0.22;0.35;54;-150
0.41;0.41;0.49;0.22;0.34;54;-149
0.41;0.40;0.50;0.21;0.35;56;-147
0.41;0.40;0.50;0.21;0.35;51;-151
0.41;0.40;0.50;0.22;0.35;51;-147
0.40;0.40;0.49;0.21;0.34;54;-148
0.41;0.40;0.50;0.21;0.34;54;-148
0.40;0.40;0.49;0.21;0.35;55;-149
0.40;0.40;0.50;0.21;0.34;55;-143
0.41;0.40;0.50;0.20;0.32;37;-140
0.41;0.39;0.49;0.15;0.31;12;-160
0.39;0.38;0.47;0.11;0.31;65;-131
0.39;0.39;0.47;0.13;0.31;102;-131
0.41;0.40;0.47;0.23;0.32;37;-172
0.41;0.40;0.47;0.25;0.32;74;-122
0.41;0.41;0.47;0.25;0.33;52;-171
0.41;0.41;0.47;0.25;0.33;66;-140
0.42;0.40;0.47;0.24;0.33;50;-157
0.42;0.40;0.48;0.25;0.33;50;-144
0.42;0.41;0.47;0.24;0.33;55;-151
0.42;0.41;0.48;0.24;0.33;58;-147
0.41;0.41;0.48;0.24;0.33;52;-146
0.41;0.40;0.47;0.24;0.33;54;-147
0.41;0.40;0.47;0.24;0.33;55;-150
0.41;0.40;0.47;0.24;0.33;55;-149
0.41;0.40;0.48;0.24;0.33;55;-149
0.41;0.40;0.48;0.24;0.33;53;-151
0.42;0.40;0.49;0.24;0.33;53;-151
0.44;0.41;0.52;0.24;0.35;52;-154
0.47;0.43;0.56;0.24;0.38;33;-161
0.45;0.42;0.54;0.24;0.37;54;-151
0.44;0.40;0.52;0.24;0.36;54;-149
0.42;0.37;0.46;0.23;0.34;54;-158
0.36;0.37;0.44;0.23;0.31;56;-133
0.27;0.37;0.41;0.21;0.25;77;-142
0.24;0.35;0.39;0.19;0.19;109;-77
0.24;0.35;0.39;0.20;0.21;51;-193
0.27;0.37;0.40;0.21;0.24;74;-146
0.29;0.38;0.40;0.21;0.26;-7;-150
0.31;0.38;0.41;0.22;0.27;92;-136
0.31;0.37;0.41;0.22;0.28;71;-183
0.33;0.37;0.41;0.22;0.29;24;-179
0.32;0.37;0.42;0.22;0.28;38;-154
0.32;0.36;0.41;0.23;0.28;57;-153
0.32;0.36;0.41;0.22;0.28;61;-147
0.31;0.36;0.40;0.22;0.28;53;-147
0.31;0.36;0.41;0.22;0.28;54;-148
0.31;0.36;0.41;0.22;0.28;55;-148
0.31;0.36;0.40;0.22;0.28;53;-149
0.31;0.36;0.40;0.22;0.28;58;-147
0.31;0.36;0.40;0.22;0.28;57;-147
0.31;0.36;0.40;0.22;0.28;54;-145
0.31;0.36;0.40;0.22;0.28;54;-150
0.31;0.36;0.40;0.22;0.28;57;-149
0.31;0.35;0.40;0.22;0.28;53;-151
0.31;0.36;0.40;0.22;0.28;56;-149
0.31;0.36;0.40;0.22;0.28;55;-149
0.31;0.36;0.40;0.22;0.28;51;-155
0.31;0.37;0.40;0.23;0.27;34;-162
0.31;0.36;0.40;0.23;0.28;-19;-214
0.31;0.36;0.40;0.23;0.28;27;-179
0.31;0.36;0.40;0.23;0.28;56;-150
0.31;0.36;0.40;0.24;0.28;32;-181
0.31;0.36;0.40;0.23;0.29;11;-207
0.32;0.35;0.40;0.22;0.28;73;-124
0.31;0.36;0.40;0.23;0.28;54;-159
0.31;0.36;0.39;0.23;0.28;60;-144
0.31;0.35;0.40;0.23;0.28;17;-199
0.30;0.36;0.40;0.23;0.28;56;-147
0.31;0.35;0.41;0.24;0.28;11;-206
0.31;0.35;0.40;0.23;0.28;1;-245
0.31;0.35;0.40;0.22;0.28;93;-133
0.31;0.35;0.40;0.22;0.28;72;-130
0.31;0.35;0.40;0.22;0.28;44;-152
0.31;0.35;0.40;0.22;0.28;53;-140
0.31;0.35;0.40;0.22;0.28;60;-153
0.31;0.36;0.39;0.22;0.29;61;-147
0.31;0.35;0.39;0.23;0.29;47;-151
0.31;0.35;0.39;0.22;0.29;12;-176
0.32;0.36;0.40;0.22;0.28;56;-135
0.32;0.36;0.40;0.23;0.29;75;-147
0.32;0.36;0.40;0.22;0.29;87;-122
0.31;0.36;0.40;0.22;0.28;113;-89
0.31;0.36;0.40;0.22;0.29;41;-185
0.31;0.36;0.40;0.22;0.28;61;-135
0.31;0.35;0.41;0.22;0.29;42;-154
0.31;0.35;0.40;0.22;0.29;56;-146
0.32;0.35;0.40;0.22;0.29;56;-152
0.32;0.35;0.40;0.22;0.29;59;-146
0.31;0.36;0.41;0.22;0.29;54;-152
0.31;0.35;0.40;0.22;0.28;55;-148
0.31;0.35;0.41;0.22;0.28;56;-147
0.31;0.36;0.40;0.22;0.28;57;-147
0.31;0.35;0.40;0.22;0.29;53;-148
0.31;0.35;0.41;0.21;0.29;56;-148
0.31;0.36;0.41;0.22;0.28;55;-143
0.31;0.36;0.40;0.21;0.28;53;-144
0.30;0.36;0.40;0.21;0.28;56;-145
0.31;0.36;0.40;0.21;0.29;55;-147
0.31;0.35;0.40;0.21;0.29;54;-148
0.31;0.35;0.40;0.21;0.28;53;-149
0.31;0.35;0.40;0.21;0.28;55;-146
0.31;0.36;0.40;0.21;0.28;56;-146
0.31;0.36;0.40;0.21;0.29;55;-147
0.31;0.35;0.40;0.21;0.29;54;-143
0.31;0.36;0.40;0.21;0.28;55;-149
0.31;0.35;0.40;0.21;0.28;53;-150
0.31;0.35;0.40;0.20;0.28;61;-148
0.31;0.36;0.40;0.21;0.29;56;-133
0.29;0.35;0.40;0.21;0.28;45;-153
0.28;0.33;0.40;0.19;0.26;61;-145
0.23;0.33;0.38;0.17;0.24;46;-124
0.24;0.33;0.39;0.17;0.25;57;-131
0.29;0.33;0.39;0.18;0.25;79;-175
0.31;0.34;0.40;0.19;0.28;59;-131
0.33;0.39;0.40;0.21;0.29;21;-151
0.36;0.43;0.41;0.22;0.31;53;-110
0.37;0.43;0.41;0.23;0.31;35;-150
0.37;0.43;0.41;0.22;0.31;55;-150
0.36;0.42;0.41;0.22;0.31;57;-150
0.36;0.42;0.41;0.22;0.31;55;-148
0.35;0.42;0.41;0.22;0.31;55;-153
0.35;0.42;0.41;0.22;0.31;53;-150
0.35;0.41;0.41;0.22;0.31;57;-149
0.35;0.41;0.41;0.22;0.30;58;-146
0.35;0.41;0.41;0.22;0.30;52;-147
0.35;0.42;0.41;0.22;0.30;55;-147
0.35;0.41;0.40;0.22;0.30;57;-149
0.35;0.42;0.41;0.22;0.31;52;-148
0.34;0.41;0.41;0.22;0.30;55;-144
0.35;0.42;0.41;0.22;0.30;59;-145
0.35;0.41;0.41;0.22;0.31;56;-148
0.35;0.41;0.41;0.21;0.31;52;-152
0.35;0.41;0.41;0.21;0.30;55;-152
0.35;0.42;0.41;0.22;0.30;55;-147
0.35;0.41;0.41;0.21;0.31;52;-153
0.35;0.41;0.41;0.21;0.30;55;-150
0.35;0.41;0.41;0.22;0.31;54;-149
0.35;0.41;0.41;0.21;0.31;52;-146
0.35;0.41;0.41;0.21;0.31;57;-150
0.35;0.41;0.41;0.21;0.30;56;-146
0.35;0.41;0.41;0.21;0.31;53;-148
0.35;0.40;0.41;0.21;0.30;54;-145
0.35;0.41;0.41;0.22;0.31;58;-149
0.35;0.41;0.41;0.22;0.31;54;-147
0.35;0.41;0.41;0.21;0.31;52;-150
0.35;0.41;0.41;0.22;0.30;57;-149
0.35;0.40;0.41;0.22;0.31;57;-148
0.35;0.41;0.41;0.22;0.31;54;-149
0.35;0.41;0.42;0.21;0.31;54;-149
0.35;0.40;0.42;0.21;0.31;55;-149
0.35;0.40;0.41;0.21;0.31;54;-149
0.34;0.39;0.42;0.21;0.31;55;-149
0.33;0.31;0.38;0.20;0.30;51;-158
0.31;0.29;0.31;0.19;0.29;61;-177
0.32;0.28;0.31;0.19;0.29;42;-111
0.33;0.31;0.34;0.22;0.30;20;-178
0.32;0.31;0.35;0.21;0.30;116;-99
0.33;0.31;0.36;0.22;0.31;84;-128
0.34;0.31;0.36;0.22;0.31;56;-137
0.34;0.31;0.37;0.22;0.32;57;-147
0.36;0.32;0.39;0.23;0.34;58;-155
0.36;0.32;0.38;0.23;0.33;38;-141
0.35;0.32;0.38;0.23;0.33;46;-154
0.34;0.32;0.37;0.23;0.33;54;-150
0.35;0.32;0.37;0.23;0.33;54;-150
0.34;0.32;0.37;0.23;0.32;49;-151
0.33;0.31;0.37;0.22;0.32;56;-147
0.29;0.27;0.37;0.20;0.29;57;-160
0.29;0.26;0.37;0.19;0.28;83;-147
0.32;0.34;0.36;0.20;0.29;43;-160
0.34;0.42;0.36;0.22;0.32;58;-120
0.35;0.40;0.36;0.21;0.31;47;-153
0.35;0.39;0.36;0.21;0.31;51;-143
0.35;0.39;0.36;0.21;0.31;52;-148
0.35;0.39;0.36;0.21;0.31;54;-151
0.35;0.39;0.36;0.21;0.31;57;-148
0.35;0.39;0.36;0.21;0.31;52;-146
0.34;0.39;0.36;0.21;0.30;52;-152
0.35;0.39;0.36;0.19;0.30;83;-109
0.35;0.40;0.36;0.20;0.30;150;-48
0.35;0.40;0.36;0.20;0.31;84;-109
0.35;0.40;0.36;0.20;0.30;23;-180
0.35;0.40;0.36;0.21;0.31;58;-151
0.35;0.40;0.36;0.21;0.31;45;-157
0.35;0.41;0.36;0.21;0.31;48;-147
0.35;0.40;0.36;0.21;0.31;38;-161
0.35;0.40;0.35;0.22;0.30;57;-146
0.36;0.40;0.36;0.21;0.31;47;-154
0.35;0.40;0.36;0.22;0.31;43;-156
0.35;0.40;0.36;0.22;0.31;39;-167
0.34;0.38;0.35;0.32;0.30;61;-138
0.32;0.37;0.35;0.35;0.28;50;-152
0.29;0.34;0.35;0.36;0.25;59;-143
0.27;0.32;0.33;0.33;0.23;77;-117
0.28;0.31;0.32;0.32;0.21;144;-47
0.27;0.32;0.32;0.34;0.21;118;-64
0.32;0.37;0.34;0.33;0.24;207;-48
0.35;0.40;0.35;0.32;0.26;86;-39
0.35;0.40;0.36;0.36;0.27;2;-174
0.35;0.40;0.36;0.36;0.27;28;-169
0.43;0.31;0.52;0.29;0.40;43;-140
0.41;0.31;0.52;0.29;0.41;43;-137
0.41;0.31;0.52;0.29;0.41;44;-162
0.42;0.31;0.52;0.29;0.41;48;-156
0.42;0.31;0.52;0.29;0.40;53;-147
0.41;0.32;0.52;0.29;0.41;55;-144
0.41;0.32;0.51;0.30;0.40;52;-153
0.41;0.33;0.50;0.32;0.41;48;-152
0.40;0.35;0.48;0.33;0.41;22;-131
0.40;0.35;0.49;0.33;0.41;59;-140
0.40;0.34;0.49;0.31;0.40;50;-159
0.40;0.33;0.49;0.30;0.40;46;-151
0.40;0.33;0.52;0.30;0.40;69;-116
0.40;0.32;0.49;0.29;0.39;39;-163
0.40;0.33;0.48;0.29;0.39;51;-106
0.39;0.33;0.48;0.29;0.39;74;-144
0.39;0.33;0.48;0.29;0.39;49;-146
0.39;0.33;0.48;0.29;0.39;57;-139
0.39;0.33;0.48;0.29;0.39;47;-149
0.39;0.33;0.51;0.28;0.40;55;-145
0.39;0.32;0.53;0.28;0.39;68;-170
0.39;0.32;0.52;0.28;0.39;43;-151
0.40;0.32;0.53;0.28;0.39;54;-143
0.40;0.33;0.52;0.28;0.39;55;-151
0.39;0.33;0.52;0.27;0.39;47;-153
0.39;0.32;0.52;0.28;0.39;56;-147
0.39;0.32;0.51;0.27;0.38;52;-151
0.39;0.32;0.51;0.27;0.38;54;-149
0.39;0.32;0.51;0.27;0.38;51;-146
0.39;0.32;0.51;0.27;0.38;51;-147
0.39;0.33;0.51;0.27;0.38;50;-148
0.39;0.33;0.51;0.27;0.37;50;-148
0.38;0.33;0.52;0.27;0.38;52;-147
0.38;0.32;0.51;0.27;0.37;53;-145
0.39;0.32;0.51;0.26;0.38;54;-148
0.39;0.33;0.51;0.26;0.37;50;-148
0.39;0.33;0.51;0.26;0.37;52;-148
0.38;0.32;0.50;0.26;0.37;51;-149
0.39;0.32;0.51;0.26;0.37;56;-147
0.38;0.33;0.51;0.27;0.37;51;-151
0.39;0.33;0.51;0.26;0.38;48;-152
0.38;0.32;0.50;0.26;0.37;56;-146
0.39;0.34;0.51;0.26;0.38;57;-147
0.39;0.33;0.51;0.26;0.37;50;-147
0.38;0.33;0.51;0.26;0.37;54;-153
0.38;0.33;0.50;0.26;0.37;51;-147
0.38;0.33;0.50;0.25;0.38;52;-147
0.38;0.33;0.50;0.25;0.37;50;-150
0.38;0.32;0.51;0.25;0.38;51;-150
0.38;0.32;0.50;0.25;0.37;52;-146
0.38;0.33;0.50;0.25;0.37;49;-149
0.39;0.32;0.50;0.25;0.36;49;-153
0.38;0.32;0.51;0.25;0.37;40;-161
0.39;0.32;0.50;0.24;0.37;54;-143
0.38;0.32;0.49;0.24;0.37;55;-144
0.38;0.32;0.50;0.25;0.37;48;-151
0.38;0.32;0.50;0.24;0.36;57;-143
0.38;0.31;0.50;0.24;0.37;53;-144
0.37;0.32;0.52;0.24;0.37;52;-152
0.37;0.32;0.55;0.25;0.36;67;-159
0.37;0.31;0.56;0.25;0.36;94;-194
0.36;0.32;0.53;0.24;0.35;34;-156
0.37;0.31;0.54;0.24;0.36;67;-130
0.37;0.31;0.52;0.24;0.35;48;-147
0.37;0.32;0.54;0.24;0.36;53;-143
0.37;0.32;0.53;0.24;0.36;54;-146
0.37;0.32;0.53;0.24;0.36;51;-146
0.37;0.32;0.53;0.24;0.36;59;-143
0.37;0.32;0.52;0.24;0.36;56;-142
0.37;0.32;0.48;0.24;0.35;46;-150
0.36;0.31;0.44;0.23;0.36;-15;-140
0.37;0.31;0.41;0.23;0.35;-6;-113
0.37;0.31;0.40;0.23;0.36;20;-101
0.37;0.31;0.40;0.23;0.36;34;-110
0.38;0.31;0.41;0.24;0.36;78;-106
0.37;0.31;0.41;0.23;0.36;60;-135
0.38;0.31;0.42;0.23;0.36;57;-152
0.37;0.31;0.42;0.24;0.36;59;-154
0.38;0.32;0.42;0.24;0.36;51;-150
0.38;0.32;0.43;0.25;0.37;55;-154
0.38;0.32;0.45;0.25;0.37;49;-161
0.38;0.33;0.50;0.25;0.37;77;-200
0.38;0.33;0.53;0.26;0.38;117;-230
0.38;0.33;0.48;0.26;0.37;7;-180
0.38;0.33;0.49;0.25;0.36;35;-150
0.37;0.33;0.49;0.25;0.36;77;-138
0.38;0.32;0.48;0.25;0.37;72;-103
0.39;0.33;0.49;0.26;0.37;211;31
0.39;0.34;0.48;0.26;0.37;162;-51
0.39;0.34;0.49;0.27;0.36;23;-178
0.39;0.34;0.49;0.26;0.37;36;-168
0.39;0.33;0.47;0.26;0.37;44;-155
0.39;0.33;0.47;0.25;0.37;21;-166
0.41;0.34;0.50;0.25;0.39;39;-159
0.41;0.34;0.52;0.26;0.41;7;-175
0.40;0.33;0.50;0.26;0.39;49;-167
0.40;0.33;0.49;0.25;0.38;50;-142
0.40;0.33;0.48;0.24;0.37;57;-149
0.40;0.33;0.49;0.24;0.39;52;-149
0.42;0.34;0.49;0.24;0.39;51;-150
0.41;0.33;0.49;0.24;0.40;47;-148
0.41;0.33;0.48;0.24;0.39;51;-148
0.41;0.33;0.49;0.24;0.38;51;-149
0.41;0.33;0.48;0.23;0.38;49;-148
0.40;0.32;0.47;0.23;0.37;48;-145
0.38;0.31;0.46;0.22;0.35;55;-144
0.37;0.30;0.42;0.18;0.29;53;-145
0.33;0.27;0.37;0.15;0.21;155;-108
0.31;0.26;0.34;0.15;0.21;-17;-163
0.30;0.26;0.33;0.15;0.21;91;-46
0.34;0.28;0.35;0.19;0.22;26;-160
0.29;0.26;0.34;0.19;0.21;-18;-225
0.24;0.24;0.34;0.19;0.21;17;-189
0.23;0.26;0.35;0.20;0.21;60;-111
0.34;0.28;0.38;0.22;0.22;73;-180
0.39;0.30;0.41;0.22;0.25;42;-174
0.39;0.30;0.43;0.23;0.27;128;-158
0.38;0.31;0.42;0.22;0.27;120;-143
0.38;0.30;0.43;0.22;0.26;60;-124
0.37;0.30;0.41;0.22;0.27;113;-131
0.37;0.31;0.42;0.22;0.26;46;-135
0.37;0.30;0.41;0.22;0.27;62;-150
0.37;0.31;0.40;0.22;0.25;37;-151
0.37;0.30;0.41;0.22;0.27;58;-147
0.37;0.30;0.40;0.22;0.27;57;-143
0.37;0.30;0.41;0.22;0.29;51;-148
0.37;0.30;0.42;0.22;0.29;54;-143
0.37;0.30;0.42;0.22;0.30;58;-144
0.37;0.30;0.43;0.22;0.31;55;-143
0.37;0.30;0.43;0.22;0.30;55;-149
0.37;0.30;0.43;0.22;0.30;56;-146
0.37;0.30;0.43;0.22;0.29;50;-149
0.37;0.30;0.43;0.22;0.29;52;-148
0.38;0.30;0.42;0.22;0.29;53;-146
0.37;0.30;0.42;0.22;0.29;53;-150
0.37;0.29;0.41;0.22;0.28;27;-166
0.36;0.29;0.41;0.22;0.27;31;-184
0.37;0.29;0.42;0.22;0.26;39;-191
0.36;0.28;0.40;0.22;0.27;19;-192
0.37;0.29;0.43;0.22;0.27;26;-139
0.36;0.29;0.47;0.22;0.28;83;-145
0.36;0.30;0.47;0.22;0.27;119;-131
0.36;0.30;0.46;0.22;0.27;108;-112
0.36;0.30;0.46;0.22;0.27;70;-121
0.36;0.30;0.45;0.22;0.27;43;-161
0.36;0.30;0.45;0.22;0.27;43;-158
0.37;0.30;0.45;0.22;0.27;67;-135
0.37;0.30;0.45;0.22;0.27;79;-125
0.37;0.30;0.45;0.22;0.27;46;-159
0.36;0.30;0.45;0.22;0.27;48;-153
0.37;0.30;0.46;0.22;0.28;60;-142
0.37;0.30;0.46;0.22;0.27;47;-154
0.36;0.29;0.46;0.22;0.27;53;-150
0.35;0.30;0.44;0.22;0.27;54;-143
0.33;0.29;0.41;0.21;0.25;52;-146
0.34;0.30;0.40;0.22;0.24;47;-153
0.35;0.30;0.43;0.22;0.30;95;-129
0.43;0.31;0.47;0.23;0.31;31;-143
0.46;0.33;0.50;0.24;0.33;64;-189
0.46;0.32;0.48;0.24;0.32;67;-156
0.45;0.32;0.47;0.24;0.32;52;-143
0.44;0.31;0.48;0.23;0.32;48;-151
0.44;0.32;0.49;0.23;0.31;53;-149
0.44;0.32;0.48;0.24;0.31;54;-146
0.42;0.32;0.41;0.22;0.30;51;-144
0.42;0.31;0.38;0.22;0.30;-13;-134
0.43;0.32;0.42;0.23;0.29;52;-137
0.39;0.31;0.39;0.23;0.28;55;-172
0.35;0.32;0.39;0.22;0.23;55;-133
0.36;0.32;0.40;0.23;0.23;88;-140
0.36;0.31;0.40;0.22;0.24;42;-147
0.37;0.32;0.42;0.22;0.25;61;-139
0.38;0.31;0.41;0.22;0.26;56;-137
0.38;0.31;0.41;0.22;0.26;51;-143
0.38;0.31;0.42;0.22;0.26;53;-151
0.39;0.32;0.43;0.22;0.27;49;-149
0.38;0.32;0.43;0.22;0.27;54;-147
0.39;0.32;0.43;0.23;0.29;55;-149
0.44;0.32;0.45;0.22;0.33;53;-146
0.44;0.32;0.45;0.23;0.35;52;-146
0.44;0.32;0.45;0.23;0.35;51;-146
0.44;0.32;0.45;0.23;0.35;53;-149
0.43;0.32;0.45;0.23;0.34;50;-148
0.43;0.32;0.45;0.23;0.34;51;-151
0.42;0.32;0.45;0.22;0.34;50;-148
0.42;0.31;0.44;0.22;0.34;58;-141
0.42;0.32;0.44;0.22;0.34;56;-145
0.42;0.32;0.44;0.23;0.34;50;-155
0.42;0.32;0.44;0.23;0.34;56;-142
0.42;0.32;0.44;0.23;0.35;47;-148
0.35;0.30;0.41;0.21;0.31;52;-146
0.37;0.30;0.40;0.21;0.32;49;-102
0.40;0.31;0.43;0.22;0.33;51;-128
0.42;0.31;0.44;0.22;0.33;53;-169
0.43;0.32;0.46;0.23;0.34;57;-160
0.42;0.32;0.45;0.22;0.33;69;-140
0.42;0.31;0.46;0.23;0.33;52;-146
0.42;0.32;0.46;0.22;0.33;50;-147
0.42;0.31;0.45;0.23;0.33;53;-148
0.42;0.31;0.45;0.22;0.34;49;-149
0.42;0.32;0.45;0.22;0.33;53;-148
0.42;0.32;0.45;0.22;0.34;53;-149
0.42;0.32;0.45;0.22;0.34;51;-150
0.42;0.31;0.45;0.22;0.33;52;-146
0.43;0.31;0.45;0.22;0.34;52;-150
0.43;0.32;0.46;0.22;0.34;52;-148
0.43;0.31;0.45;0.22;0.33;50;-147
0.43;0.31;0.45;0.22;0.33;53;-148
0.43;0.32;0.46;0.22;0.33;51;-145
0.43;0.32;0.46;0.23;0.34;52;-148
0.44;0.32;0.47;0.23;0.34;50;-149
0.47;0.35;0.50;0.25;0.35;62;-148
0.45;0.34;0.48;0.24;0.35;41;-172
0.43;0.33;0.46;0.23;0.33;53;-152
0.33;0.31;0.41;0.21;0.26;68;-123
0.31;0.29;0.38;0.17;0.23;31;-127
0.30;0.28;0.37;0.15;0.24;38;-128
0.33;0.29;0.38;0.18;0.25;49;-110
0.35;0.29;0.40;0.21;0.23;118;-254
0.35;0.30;0.39;0.22;0.22;88;-173
0.34;0.30;0.39;0.22;0.22;60;-164
0.34;0.29;0.37;0.21;0.22;11;-186
0.35;0.29;0.40;0.22;0.22;46;-165
0.36;0.29;0.42;0.22;0.23;36;-143
0.34;0.30;0.44;0.22;0.23;147;-103
0.35;0.30;0.41;0.22;0.24;70;-138
0.35;0.30;0.43;0.22;0.24;51;-152
0.35;0.30;0.41;0.22;0.25;51;-147
0.34;0.30;0.41;0.22;0.24;51;-144
0.35;0.30;0.42;0.22;0.24;56;-145
0.35;0.30;0.42;0.22;0.24;53;-146
0.35;0.30;0.43;0.22;0.24;53;-153
0.35;0.30;0.43;0.22;0.25;53;-147
0.35;0.30;0.43;0.22;0.25;56;-148
0.35;0.30;0.43;0.22;0.24;49;-146
0.34;0.30;0.42;0.22;0.24;50;-149
0.33;0.30;0.42;0.22;0.25;49;-147
0.33;0.30;0.42;0.21;0.25;53;-141
0.34;0.31;0.42;0.22;0.26;54;-147
0.34;0.30;0.42;0.21;0.26;56;-147
0.33;0.30;0.42;0.22;0.26;53;-146
0.34;0.30;0.41;0.21;0.26;53;-148
0.34;0.30;0.42;0.21;0.26;53;-145
0.33;0.30;0.42;0.21;0.26;56;-143
0.34;0.30;0.43;0.21;0.26;51;-147
0.34;0.30;0.43;0.21;0.25;51;-150
0.34;0.30;0.42;0.21;0.25;53;-148
0.33;0.30;0.42;0.22;0.26;49;-147
0.34;0.30;0.42;0.21;0.26;56;-146
0.34;0.30;0.42;0.22;0.25;50;-145
0.34;0.30;0.42;0.21;0.26;52;-149
0.34;0.30;0.42;0.21;0.26;53;-146
0.34;0.30;0.43;0.21;0.26;54;-147
0.33;0.30;0.42;0.21;0.26;52;-145
0.33;0.30;0.42;0.21;0.26;51;-144
0.34;0.30;0.42;0.21;0.26;51;-151
0.34;0.30;0.42;0.21;0.26;52;-146
0.33;0.30;0.42;0.21;0.26;52;-146
0.34;0.30;0.42;0.21;0.26;51;-150
0.32;0.29;0.38;0.20;0.24;53;-145
0.31;0.27;0.35;0.19;0.22;5;-127
0.31;0.28;0.35;0.19;0.22;-15;-164
0.31;0.29;0.36;0.20;0.24;144;-86
0.35;0.28;0.39;0.20;0.25;23;-145
0.29;0.24;0.36;0.19;0.23;42;-146
0.27;0.24;0.37;0.19;0.22;15;-112
0.26;0.24;0.35;0.18;0.22;9;-206
0.25;0.25;0.32;0.18;0.22;-26;-152
0.24;0.25;0.31;0.16;0.21;77;-131
0.24;0.24;0.30;0.15;0.21;-75;-113
0.23;0.24;0.31;0.15;0.21;-64;-71
0.24;0.25;0.36;0.17;0.24;109;-161
0.31;0.26;0.41;0.18;0.25;27;-220
0.30;0.25;0.40;0.19;0.25;40;-184
0.29;0.26;0.39;0.18;0.25;47;-152
0.30;0.26;0.38;0.18;0.25;45;-132
0.30;0.25;0.40;0.18;0.24;65;-124
0.29;0.26;0.38;0.18;0.24;43;-145
0.30;0.26;0.39;0.18;0.25;48;-156
0.30;0.25;0.39;0.19;0.24;58;-150
0.30;0.25;0.40;0.18;0.24;56;-146
0.30;0.25;0.41;0.19;0.25;48;-152
0.30;0.25;0.42;0.18;0.24;55;-156
0.30;0.25;0.42;0.18;0.24;59;-146
0.30;0.26;0.43;0.18;0.25;55;-148
0.29;0.25;0.42;0.18;0.24;51;-154
0.29;0.25;0.40;0.18;0.24;54;-144
0.26;0.24;0.37;0.18;0.22;54;-141
0.23;0.24;0.34;0.16;0.20;37;-163
0.23;0.25;0.36;0.18;0.21;70;-153
0.25;0.26;0.39;0.19;0.26;83;-152
0.26;0.26;0.39;0.20;0.27;49;-127
0.26;0.26;0.40;0.20;0.27;32;-169
0.26;0.26;0.41;0.20;0.26;58;-153
0.26;0.26;0.41;0.20;0.28;57;-149
0.27;0.26;0.42;0.20;0.28;52;-153
0.27;0.26;0.42;0.19;0.28;56;-151
0.27;0.26;0.43;0.20;0.28;56;-148
0.27;0.26;0.42;0.21;0.28;52;-148
0.27;0.26;0.42;0.21;0.28;58;-146
0.27;0.26;0.42;0.20;0.28;46;-149
0.26;0.26;0.41;0.20;0.28;54;-145
0.27;0.26;0.41;0.20;0.27;57;-145
0.27;0.26;0.41;0.22;0.28;50;-149
0.27;0.26;0.42;0.20;0.28;50;-144
0.27;0.26;0.42;0.20;0.27;56;-148
0.26;0.26;0.41;0.20;0.28;55;-148
0.26;0.26;0.41;0.21;0.27;48;-151
0.26;0.26;0.40;0.22;0.27;26;-143
0.27;0.26;0.41;0.22;0.27;54;-160
0.27;0.26;0.39;0.30;0.27;69;-136
0.27;0.26;0.38;0.29;0.27;40;-132
0.27;0.27;0.39;0.28;0.27;63;-149
0.27;0.26;0.39;0.28;0.26;53;-155
0.27;0.26;0.40;0.31;0.27;49;-145
0.27;0.26;0.41;0.31;0.27;57;-143
0.27;0.26;0.42;0.30;0.27;58;-147
0.27;0.27;0.42;0.29;0.27;54;-149
0.27;0.27;0.42;0.28;0.27;54;-145
0.27;0.26;0.40;0.28;0.27;56;-148
0.27;0.26;0.40;0.24;0.27;50;-142
0.27;0.27;0.40;0.23;0.27;60;-144
0.27;0.27;0.40;0.23;0.27;53;-151
0.27;0.27;0.40;0.24;0.27;53;-142
0.27;0.27;0.40;0.24;0.27;60;-148
0.27;0.27;0.41;0.26;0.27;56;-149
0.27;0.26;0.40;0.25;0.27;51;-148
0.26;0.26;0.40;0.27;0.26;54;-146
0.26;0.26;0.39;0.25;0.24;79;-142
0.26;0.25;0.38;0.24;0.24;47;-155
0.26;0.26;0.37;0.19;0.25;2;-155
0.26;0.25;0.37;0.20;0.24;64;-150
0.26;0.26;0.38;0.20;0.24;52;-155
0.26;0.26;0.39;0.21;0.28;27;-176
0.26;0.26;0.40;0.21;0.27;51;-139
0.26;0.25;0.40;0.20;0.26;83;-146
0.26;0.26;0.40;0.21;0.26;51;-152
0.27;0.25;0.40;0.20;0.26;56;-144
0.27;0.25;0.40;0.20;0.26;62;-142
0.26;0.26;0.39;0.20;0.26;50;-153
0.26;0.26;0.39;0.20;0.26;55;-147
0.27;0.25;0.39;0.20;0.26;56;-148
0.26;0.26;0.39;0.20;0.26;48;-149
0.26;0.25;0.38;0.20;0.25;57;-154
0.26;0.25;0.38;0.19;0.25;46;-146
0.26;0.25;0.37;0.20;0.25;45;-161
0.26;0.26;0.35;0.20;0.25;46;-149
0.27;0.26;0.38;0.21;0.26;68;-130
0.27;0.27;0.37;0.20;0.27;121;-139
0.27;0.26;0.37;0.20;0.27;32;-123
0.27;0.26;0.39;0.21;0.27;61;-140
0.27;0.27;0.40;0.22;0.27;76;-152
0.27;0.26;0.40;0.21;0.27;46;-143
0.27;0.27;0.41;0.22;0.27;55;-151
0.27;0.27;0.41;0.21;0.27;53;-147
0.27;0.27;0.41;0.20;0.27;54;-146
0.27;0.26;0.39;0.21;0.27;50;-151
0.29;0.26;0.39;0.22;0.28;-40;-232
0.29;0.26;0.39;0.22;0.28;14;-193
0.30;0.26;0.40;0.21;0.28;80;-134
0.29;0.25;0.37;0.19;0.22;77;-132
0.29;0.25;0.36;0.20;0.20;103;-133
0.27;0.26;0.35;0.20;0.20;98;-132
0.24;0.26;0.36;0.20;0.22;79;-131
0.32;0.27;0.36;0.22;0.25;44;-157
0.34;0.27;0.39;0.22;0.25;54;-135
0.34;0.27;0.40;0.21;0.25;82;-137
0.33;0.27;0.40;0.20;0.26;49;-148
0.33;0.28;0.41;0.20;0.25;54;-146
0.33;0.27;0.41;0.20;0.26;61;-149
0.33;0.27;0.41;0.22;0.25;50;-150
0.33;0.27;0.40;0.23;0.25;53;-145
0.33;0.27;0.40;0.23;0.25;52;-149
0.33;0.27;0.40;0.23;0.25;53;-151
0.33;0.27;0.39;0.21;0.25;53;-148
0.33;0.27;0.39;0.21;0.26;54;-149
0.32;0.28;0.39;0.22;0.25;51;-147
0.34;0.27;0.39;0.23;0.25;54;-147
0.33;0.27;0.39;0.23;0.26;53;-150
0.33;0.27;0.38;0.22;0.25;52;-146
0.33;0.27;0.39;0.30;0.26;52;-146
0.33;0.27;0.40;0.32;0.25;52;-148
0.33;0.27;0.41;0.27;0.25;51;-149
0.33;0.27;0.41;0.26;0.25;52;-149
0.33;0.28;0.41;0.29;0.26;59;-146
0.33;0.27;0.41;0.26;0.26;53;-148
0.34;0.27;0.41;0.28;0.26;52;-149
0.36;0.27;0.40;0.26;0.26;28;-175
0.36;0.26;0.39;0.21;0.26;36;-183
0.31;0.25;0.38;0.26;0.24;40;-163
0.30;0.24;0.36;0.20;0.24;99;-82
0.30;0.28;0.36;0.21;0.25;-39;-196
0.37;0.27;0.40;0.21;0.24;98;-146
0.38;0.32;0.42;0.22;0.24;149;-94
0.34;0.32;0.42;0.22;0.24;123;-119
0.33;0.32;0.40;0.22;0.23;43;-147
0.33;0.31;0.40;0.22;0.22;44;-153
0.33;0.31;0.41;0.22;0.25;38;-164
0.32;0.34;0.39;0.23;0.25;17;-134
0.31;0.33;0.40;0.23;0.25;-36;-107
0.33;0.30;0.40;0.22;0.24;55;-153
0.34;0.29;0.39;0.27;0.24;69;-159
0.34;0.29;0.39;0.25;0.24;47;-154
0.34;0.29;0.40;0.25;0.24;54;-149
0.34;0.30;0.39;0.25;0.24;59;-147
0.34;0.29;0.39;0.26;0.24;52;-149
0.35;0.29;0.39;0.27;0.24;52;-147
0.35;0.29;0.41;0.24;0.24;53;-148
0.34;0.30;0.42;0.24;0.24;52;-149
0.34;0.30;0.41;0.24;0.24;53;-147
0.34;0.30;0.41;0.22;0.24;53;-150
0.34;0.29;0.41;0.22;0.24;53;-149
0.34;0.30;0.41;0.22;0.24;51;-148
0.34;0.29;0.39;0.21;0.23;49;-147
0.32;0.28;0.38;0.20;0.23;50;-145
0.31;0.26;0.35;0.18;0.21;66;-135
0.28;0.25;0.33;0.17;0.20;78;-105
0.26;0.23;0.33;0.16;0.22;27;-151
0.26;0.26;0.33;0.17;0.22;39;-131
0.28;0.26;0.34;0.18;0.22;28;-130
0.30;0.28;0.40;0.20;0.26;79;-161
0.30;0.28;0.41;0.20;0.26;67;-162
0.30;0.27;0.41;0.19;0.25;64;-142
0.30;0.26;0.37;0.18;0.21;70;-136
0.28;0.25;0.36;0.17;0.19;66;-156
0.30;0.26;0.37;0.18;0.20;75;-142
0.33;0.28;0.41;0.19;0.24;22;-166
0.33;0.28;0.42;0.20;0.26;47;-154
0.32;0.29;0.40;0.20;0.26;61;-145
0.32;0.28;0.40;0.20;0.25;52;-152
0.32;0.28;0.40;0.20;0.25;52;-148
0.33;0.28;0.40;0.20;0.25;55;-147
0.33;0.29;0.40;0.20;0.26;52;-149
0.33;0.29;0.41;0.20;0.26;51;-149
0.33;0.28;0.40;0.20;0.26;56;-147
0.32;0.28;0.41;0.20;0.26;50;-148
0.33;0.28;0.42;0.20;0.25;50;-150
0.32;0.28;0.42;0.20;0.26;53;-152
0.33;0.28;0.42;0.21;0.26;54;-148
0.32;0.28;0.41;0.20;0.26;53;-149
0.32;0.28;0.42;0.20;0.26;51;-148
0.33;0.28;0.42;0.20;0.26;53;-146
0.33;0.28;0.42;0.21;0.26;51;-150
0.32;0.28;0.39;0.20;0.26;58;-166
0.32;0.28;0.40;0.20;0.26;40;-145
0.32;0.28;0.41;0.20;0.26;50;-160
0.32;0.28;0.42;0.21;0.26;51;-151
0.32;0.28;0.42;0.20;0.27;57;-149
0.32;0.28;0.41;0.20;0.26;55;-147
0.33;0.28;0.41;0.20;0.26;48;-146
0.33;0.29;0.43;0.21;0.26;90;-134
0.33;0.29;0.41;0.21;0.26;70;-128
0.34;0.29;0.41;0.21;0.26;65;-132
0.34;0.29;0.39;0.21;0.27;56;-139
0.33;0.29;0.41;0.21;0.26;49;-154
0.34;0.28;0.42;0.21;0.27;53;-153
0.33;0.29;0.43;0.21;0.26;59;-142
0.33;0.29;0.43;0.21;0.27;54;-151
0.33;0.29;0.43;0.21;0.26;52;-152
0.33;0.28;0.43;0.21;0.26;53;-149
0.33;0.29;0.43;0.21;0.27;55;-149
0.33;0.29;0.42;0.21;0.26;51;-151
0.33;0.29;0.42;0.21;0.27;54;-147
0.34;0.29;0.42;0.21;0.27;49;-151
0.33;0.29;0.42;0.21;0.27;53;-149
0.33;0.29;0.42;0.21;0.27;54;-148
0.33;0.29;0.43;0.21;0.27;52;-149
0.33;0.29;0.45;0.21;0.27;53;-147
0.33;0.28;0.45;0.21;0.27;56;-152
0.34;0.29;0.46;0.21;0.27;57;-164
0.34;0.28;0.46;0.21;0.27;51;-153
0.33;0.28;0.44;0.21;0.27;65;-139
0.33;0.29;0.44;0.21;0.27;51;-149
0.33;0.29;0.43;0.21;0.26;51;-148
0.34;0.29;0.42;0.21;0.26;51;-143
0.34;0.29;0.42;0.21;0.27;53;-148
0.33;0.29;0.43;0.21;0.26;48;-147
0.33;0.28;0.42;0.21;0.27;52;-150
0.33;0.29;0.43;0.21;0.26;54;-146
0.33;0.29;0.43;0.21;0.27;54;-145
0.33;0.29;0.43;0.21;0.26;52;-150
0.33;0.28;0.44;0.21;0.26;51;-154
0.33;0.29;0.45;0.21;0.26;55;-148
0.33;0.29;0.45;0.21;0.27;55;-148
0.32;0.29;0.44;0.20;0.26;55;-148
0.33;0.29;0.44;0.21;0.26;50;-147
0.33;0.29;0.46;0.21;0.27;50;-148
0.33;0.29;0.44;0.21;0.26;53;-148
0.32;0.29;0.44;0.21;0.26;52;-144
0.33;0.29;0.44;0.21;0.26;55;-148
0.33;0.29;0.44;0.21;0.26;52;-149
0.33;0.29;0.43;0.21;0.26;54;-147
0.33;0.29;0.43;0.21;0.26;50;-149
0.33;0.29;0.44;0.21;0.26;54;-147
0.33;0.29;0.44;0.21;0.26;52;-147
0.33;0.29;0.43;0.21;0.26;54;-148
0.33;0.29;0.43;0.21;0.26;53;-148
0.33;0.29;0.43;0.21;0.26;51;-147
0.32;0.30;0.43;0.21;0.26;52;-149
0.32;0.29;0.42;0.21;0.25;53;-145
0.32;0.30;0.41;0.21;0.25;50;-148
0.26;0.27;0.39;0.20;0.25;46;-151
0.26;0.26;0.39;0.20;0.24;13;-149
0.35;0.27;0.39;0.21;0.24;68;-147
0.30;0.27;0.37;0.19;0.21;100;-130
0.30;0.27;0.36;0.18;0.23;99;-137
0.30;0.27;0.37;0.18;0.25;52;-151
0.30;0.27;0.36;0.18;0.25;54;-137
0.31;0.28;0.38;0.19;0.25;63;-124
0.30;0.27;0.38;0.18;0.25;22;-219
0.34;0.28;0.40;0.20;0.27;32;-112
0.35;0.29;0.43;0.22;0.30;68;-166
0.35;0.30;0.43;0.22;0.29;65;-149
0.37;0.30;0.43;0.22;0.30;77;-146
0.36;0.30;0.42;0.22;0.29;55;-155
0.36;0.30;0.42;0.22;0.29;52;-145
0.36;0.30;0.42;0.22;0.29;57;-146
0.36;0.30;0.42;0.22;0.29;48;-151
0.36;0.30;0.42;0.22;0.29;53;-149
0.35;0.30;0.42;0.22;0.29;50;-148
0.36;0.29;0.42;0.22;0.29;51;-147
0.35;0.30;0.41;0.22;0.29;53;-145
0.35;0.30;0.41;0.22;0.29;53;-148
0.35;0.30;0.41;0.22;0.29;52;-149
0.35;0.30;0.42;0.22;0.29;53;-145
0.36;0.30;0.45;0.22;0.29;52;-148
0.36;0.30;0.46;0.22;0.29;54;-151
0.36;0.30;0.46;0.22;0.29;57;-154
0.36;0.30;0.45;0.22;0.29;56;-147
0.36;0.30;0.44;0.22;0.29;57;-144
0.35;0.29;0.44;0.29;0.28;53;-146
0.35;0.30;0.43;0.28;0.29;52;-151
0.36;0.30;0.43;0.26;0.28;55;-145
0.35;0.30;0.43;0.26;0.28;49;-147
0.35;0.30;0.42;0.26;0.28;53;-145
0.34;0.30;0.42;0.27;0.28;55;-148
0.35;0.30;0.41;0.28;0.28;54;-146
0.36;0.29;0.42;0.28;0.29;47;-157
0.36;0.30;0.42;0.28;0.28;52;-148
0.37;0.30;0.42;0.29;0.28;52;-149
0.34;0.29;0.41;0.22;0.28;55;-148
0.33;0.28;0.39;0.21;0.26;50;-146
0.34;0.29;0.40;0.22;0.25;47;-150
0.34;0.29;0.41;0.22;0.29;74;-137
0.37;0.29;0.43;0.22;0.31;29;-160
0.39;0.29;0.44;0.23;0.31;54;-163
0.42;0.30;0.43;0.22;0.31;65;-140
0.43;0.30;0.44;0.23;0.31;60;-146
0.43;0.30;0.43;0.22;0.31;52;-151
0.42;0.30;0.43;0.23;0.31;54;-146
0.43;0.29;0.42;0.23;0.32;50;-147
0.42;0.30;0.43;0.22;0.31;52;-151
0.42;0.30;0.42;0.23;0.31;51;-150
0.42;0.30;0.42;0.22;0.31;51;-148
0.42;0.30;0.42;0.22;0.31;51;-149
0.42;0.30;0.43;0.23;0.31;52;-150
0.42;0.30;0.43;0.22;0.31;51;-150
0.41;0.30;0.44;0.23;0.30;53;-150
0.41;0.30;0.44;0.22;0.31;55;-149
0.41;0.30;0.45;0.22;0.31;51;-146
0.41;0.30;0.44;0.23;0.31;53;-149
0.41;0.30;0.43;0.23;0.31;55;-147
0.41;0.30;0.44;0.22;0.31;52;-147
0.41;0.30;0.43;0.22;0.31;53;-150
0.41;0.30;0.43;0.22;0.31;53;-148
0.41;0.30;0.43;0.22;0.31;52;-146
0.41;0.30;0.43;0.22;0.31;50;-150
0.41;0.30;0.43;0.22;0.31;52;-146
0.41;0.30;0.42;0.22;0.30;53;-148
0.41;0.30;0.42;0.22;0.31;49;-148
0.41;0.30;0.42;0.22;0.31;53;-149
0.41;0.30;0.42;0.22;0.31;51;-148
0.41;0.30;0.41;0.22;0.31;51;-146
0.41;0.30;0.42;0.22;0.30;51;-145
0.41;0.30;0.43;0.22;0.31;52;-148
0.35;0.28;0.40;0.21;0.29;52;-148
0.32;0.28;0.38;0.19;0.23;51;-135
0.32;0.28;0.38;0.17;0.23;50;-132
0.33;0.27;0.37;0.18;0.23;55;-141
0.33;0.28;0.37;0.19;0.23;59;-136
0.33;0.29;0.40;0.21;0.25;46;-157
0.34;0.30;0.40;0.21;0.24;40;-153
0.33;0.30;0.39;0.21;0.23;47;-137
0.31;0.30;0.38;0.21;0.23;47;-144
0.30;0.30;0.37;0.21;0.24;41;-158
0.33;0.31;0.37;0.22;0.24;48;-142
0.34;0.30;0.38;0.22;0.23;54;-153
0.31;0.30;0.37;0.22;0.23;39;-159
0.33;0.32;0.38;0.22;0.25;44;-138
0.35;0.33;0.39;0.23;0.26;2;-132
0.37;0.34;0.39;0.24;0.26;32;-133
0.38;0.35;0.40;0.25;0.27;31;-125
0.38;0.34;0.41;0.24;0.27;42;-144
0.37;0.34;0.42;0.23;0.27;50;-153
0.38;0.34;0.41;0.23;0.27;56;-146
0.37;0.34;0.41;0.24;0.27;51;-145
0.37;0.34;0.41;0.23;0.27;51;-147
0.38;0.34;0.40;0.23;0.28;51;-146
0.37;0.34;0.40;0.23;0.27;52;-147
0.38;0.34;0.40;0.23;0.27;57;-145
0.38;0.34;0.40;0.23;0.27;53;-148
0.37;0.34;0.39;0.23;0.27;51;-147
0.38;0.33;0.39;0.23;0.28;53;-146
0.37;0.33;0.39;0.23;0.27;52;-149
0.37;0.33;0.39;0.23;0.27;51;-148
0.37;0.33;0.40;0.23;0.27;52;-148
0.37;0.33;0.39;0.22;0.28;53;-147
0.37;0.33;0.39;0.23;0.27;53;-146
0.37;0.33;0.39;0.23;0.27;50;-150
0.37;0.33;0.41;0.22;0.27;50;-150
0.37;0.34;0.41;0.22;0.27;52;-150
0.38;0.33;0.42;0.22;0.28;53;-150
0.37;0.33;0.42;0.22;0.27;49;-145
0.36;0.33;0.41;0.22;0.27;51;-148
0.37;0.33;0.42;0.22;0.27;52;-147
0.37;0.33;0.41;0.22;0.27;52;-147
0.39;0.34;0.42;0.23;0.28;51;-148
0.40;0.35;0.42;0.25;0.28;30;-149
0.40;0.35;0.41;0.25;0.28;48;-141
0.39;0.35;0.41;0.24;0.28;53;-151
0.40;0.34;0.40;0.24;0.28;50;-144
0.39;0.34;0.40;0.24;0.28;50;-145
0.39;0.34;0.40;0.23;0.28;53;-150
0.39;0.34;0.40;0.24;0.28;51;-147
0.39;0.34;0.40;0.25;0.28;37;-146
0.40;0.34;0.40;0.24;0.28;50;-146
0.39;0.35;0.41;0.24;0.28;55;-147
0.40;0.35;0.42;0.24;0.28;52;-147
0.40;0.34;0.42;0.24;0.29;55;-148
0.39;0.35;0.43;0.24;0.28;54;-146
0.40;0.34;0.43;0.24;0.29;51;-144
0.39;0.34;0.43;0.23;0.28;54;-148
0.39;0.35;0.43;0.24;0.28;51;-147
0.39;0.34;0.43;0.23;0.28;53;-149
0.39;0.35;0.43;0.23;0.28;55;-146
0.39;0.35;0.43;0.23;0.28;50;-150
0.39;0.35;0.43;0.23;0.28;51;-143
0.39;0.35;0.41;0.23;0.29;53;-146
0.39;0.34;0.41;0.23;0.28;51;-148
0.39;0.35;0.42;0.23;0.28;51;-150
0.40;0.34;0.41;0.23;0.28;51;-149
0.39;0.35;0.40;0.23;0.28;54;-149
0.39;0.35;0.40;0.23;0.28;51;-147
0.39;0.35;0.41;0.23;0.28;54;-150
0.39;0.35;0.40;0.23;0.28;51;-149
0.39;0.34;0.40;0.22;0.28;53;-147
0.40;0.34;0.40;0.22;0.28;50;-148
0.40;0.34;0.43;0.22;0.29;51;-153
0.40;0.34;0.46;0.22;0.29;70;-148
0.40;0.34;0.48;0.22;0.29;68;-154
0.40;0.34;0.49;0.22;0.28;69;-161
0.40;0.34;0.50;0.22;0.28;60;-145
0.40;0.34;0.50;0.22;0.28;65;-154
0.40;0.34;0.51;0.22;0.28;51;-141
0.41;0.34;0.50;0.21;0.28;58;-148
0.42;0.35;0.51;0.22;0.29;51;-148
0.43;0.36;0.50;0.24;0.30;42;-138
0.43;0.37;0.47;0.24;0.29;41;-135
0.42;0.36;0.46;0.23;0.29;51;-144
0.42;0.35;0.45;0.23;0.29;51;-150
0.42;0.35;0.45;0.24;0.30;39;-153
0.42;0.36;0.45;0.25;0.31;32;-145
0.43;0.36;0.44;0.25;0.31;56;-140
0.43;0.36;0.44;0.25;0.31;30;-144
0.42;0.35;0.44;0.25;0.31;51;-150
0.43;0.36;0.44;0.24;0.31;46;-153
0.43;0.36;0.44;0.25;0.31;55;-148
0.43;0.35;0.45;0.25;0.32;47;-147
0.43;0.35;0.46;0.24;0.31;54;-147
0.44;0.36;0.48;0.26;0.32;48;-152
0.44;0.35;0.48;0.24;0.32;51;-150
0.44;0.36;0.49;0.25;0.32;55;-150
0.44;0.36;0.49;0.25;0.32;51;-152
0.44;0.36;0.49;0.25;0.32;49;-148
0.44;0.36;0.48;0.24;0.32;51;-146
0.44;0.36;0.48;0.25;0.31;47;-149
0.43;0.36;0.47;0.24;0.32;46;-150
0.43;0.36;0.48;0.24;0.31;56;-151
0.43;0.36;0.47;0.24;0.32;54;-143
0.44;0.36;0.47;0.24;0.32;53;-144
0.44;0.36;0.46;0.23;0.32;50;-148
0.44;0.36;0.46;0.24;0.32;50;-146
0.44;0.36;0.46;0.23;0.31;56;-149
0.43;0.36;0.45;0.24;0.31;50;-149
0.43;0.35;0.44;0.23;0.31;55;-148
0.44;0.35;0.44;0.23;0.32;53;-147
0.43;0.35;0.43;0.22;0.31;56;-144
0.43;0.35;0.43;0.22;0.31;51;-146
0.43;0.35;0.43;0.22;0.31;50;-149
0.43;0.35;0.43;0.22;0.31;52;-146
0.43;0.35;0.44;0.22;0.31;47;-152
0.43;0.35;0.46;0.22;0.31;51;-150
0.43;0.35;0.47;0.22;0.30;51;-151
0.43;0.34;0.46;0.22;0.31;51;-149
0.43;0.34;0.47;0.22;0.31;50;-153
0.43;0.35;0.47;0.22;0.31;58;-140
0.43;0.35;0.48;0.21;0.31;47;-153
0.43;0.35;0.47;0.21;0.31;55;-143
0.43;0.35;0.46;0.22;0.31;55;-142
0.43;0.34;0.46;0.21;0.31;51;-149
0.43;0.34;0.45;0.21;0.30;46;-153
0.42;0.35;0.43;0.21;0.30;51;-144
0.43;0.34;0.43;0.21;0.30;48;-150
0.43;0.34;0.43;0.20;0.30;54;-146
0.43;0.34;0.43;0.21;0.30;52;-150
0.42;0.34;0.43;0.21;0.30;51;-148
0.43;0.34;0.45;0.20;0.31;53;-148
0.43;0.34;0.46;0.21;0.31;54;-151
0.42;0.33;0.47;0.20;0.30;50;-150
0.42;0.33;0.48;0.20;0.31;56;-152
0.42;0.33;0.48;0.20;0.31;55;-150
0.42;0.33;0.48;0.20;0.31;55;-145
0.40;0.33;0.45;0.20;0.29;49;-151
0.39;0.33;0.42;0.19;0.29;56;-145
0.36;0.31;0.40;0.18;0.27;54;-161
0.29;0.29;0.38;0.16;0.25;40;-169
0.26;0.27;0.37;0.15;0.24;101;-168
0.25;0.25;0.37;0.14;0.25;53;-165
0.30;0.27;0.39;0.15;0.28;36;-153
0.35;0.29;0.42;0.16;0.35;75;-156
0.41;0.31;0.45;0.18;0.39;66;-164
0.45;0.33;0.46;0.19;0.41;49;-150
0.46;0.33;0.47;0.20;0.40;69;-152
0.46;0.34;0.48;0.20;0.40;58;-145
0.46;0.33;0.49;0.20;0.40;59;-143
0.46;0.33;0.49;0.20;0.40;50;-151
0.46;0.33;0.49;0.20;0.40;54;-149
0.47;0.33;0.49;0.20;0.41;56;-148
0.46;0.33;0.48;0.20;0.40;50;-149
0.47;0.33;0.48;0.20;0.40;51;-146
0.47;0.33;0.48;0.20;0.40;50;-146
0.47;0.34;0.48;0.21;0.40;47;-149
0.48;0.36;0.49;0.22;0.42;50;-143
0.48;0.35;0.48;0.22;0.41;42;-144
0.49;0.35;0.48;0.22;0.42;53;-148
0.49;0.35;0.48;0.22;0.42;46;-145
0.47;0.36;0.48;0.24;0.44;53;-150
0.48;0.36;0.46;0.25;0.44;-81;-165
0.47;0.35;0.46;0.24;0.43;71;-140
0.48;0.35;0.46;0.23;0.43;39;-152
0.48;0.35;0.47;0.23;0.43;51;-147
0.47;0.35;0.48;0.22;0.43;47;-144
0.47;0.35;0.49;0.22;0.43;57;-152
0.47;0.35;0.50;0.22;0.42;52;-146
0.47;0.35;0.50;0.22;0.43;48;-148
0.46;0.35;0.51;0.21;0.41;49;-147
0.46;0.35;0.51;0.22;0.42;55;-149
0.46;0.34;0.50;0.22;0.41;52;-146
0.45;0.33;0.49;0.21;0.41;52;-152
0.46;0.34;0.49;0.22;0.42;46;-154
0.46;0.34;0.48;0.21;0.43;54;-149
0.46;0.34;0.48;0.21;0.42;49;-148
0.46;0.33;0.47;0.21;0.41;51;-149
0.45;0.34;0.47;0.21;0.41;48;-148
0.39;0.33;0.44;0.19;0.37;51;-147
0.43;0.33;0.45;0.19;0.39;64;-149
0.44;0.32;0.45;0.19;0.39;42;-152
0.41;0.32;0.43;0.19;0.37;54;-150
0.37;0.31;0.42;0.17;0.33;50;-149
0.33;0.30;0.41;0.12;0.25;97;-146
0.31;0.29;0.41;0.11;0.25;108;-126
0.31;0.29;0.43;0.12;0.27;58;-151
0.31;0.28;0.43;0.11;0.27;53;-154
0.31;0.28;0.41;0.11;0.25;69;-138
0.31;0.30;0.43;0.13;0.24;64;-120
0.33;0.32;0.44;0.17;0.25;70;-155
0.32;0.31;0.43;0.18;0.26;33;-159
0.32;0.31;0.43;0.18;0.26;63;-139
0.31;0.32;0.43;0.18;0.28;54;-134
0.31;0.31;0.43;0.18;0.30;44;-150
0.31;0.31;0.43;0.18;0.32;48;-141
0.31;0.31;0.44;0.17;0.33;37;-145
0.31;0.31;0.43;0.18;0.30;53;-148
0.31;0.30;0.43;0.17;0.29;53;-146
0.32;0.29;0.43;0.15;0.27;51;-157
0.31;0.29;0.43;0.13;0.26;63;-156
0.31;0.29;0.42;0.14;0.24;54;-140
0.31;0.29;0.41;0.14;0.23;71;-134
0.32;0.31;0.41;0.16;0.23;64;-136
0.32;0.31;0.41;0.18;0.23;56;-142
0.33;0.31;0.41;0.18;0.23;60;-138
0.33;0.31;0.41;0.18;0.23;53;-146
0.33;0.31;0.41;0.19;0.23;53;-145
0.32;0.31;0.40;0.18;0.23;54;-145
0.33;0.30;0.41;0.19;0.23;51;-146
0.33;0.31;0.41;0.19;0.23;48;-147
0.32;0.31;0.41;0.19;0.23;48;-152
0.32;0.31;0.40;0.19;0.23;51;-144
0.32;0.30;0.40;0.19;0.23;49;-153
0.31;0.30;0.41;0.18;0.27;50;-152
0.31;0.30;0.43;0.19;0.31;2;-150
0.30;0.30;0.41;0.16;0.27;17;-148
0.30;0.30;0.41;0.15;0.28;59;-145
0.31;0.30;0.40;0.15;0.22;57;-150
0.31;0.29;0.41;0.14;0.21;62;-145
0.31;0.30;0.42;0.15;0.22;49;-161
0.31;0.29;0.42;0.15;0.26;61;-153
0.30;0.31;0.46;0.17;0.33;61;-167
0.30;0.31;0.48;0.18;0.40;17;-148
0.30;0.31;0.49;0.19;0.39;54;-134
0.30;0.31;0.50;0.19;0.40;47;-149
0.30;0.31;0.49;0.18;0.40;55;-148
0.30;0.31;0.48;0.18;0.39;54;-141
0.30;0.31;0.47;0.19;0.38;58;-146
0.30;0.31;0.48;0.19;0.40;54;-147
0.30;0.32;0.50;0.20;0.43;51;-145
0.31;0.32;0.51;0.20;0.46;38;-147
0.30;0.31;0.49;0.20;0.46;63;-143
0.30;0.32;0.50;0.20;0.45;56;-145
0.31;0.31;0.49;0.20;0.44;53;-149
0.30;0.31;0.48;0.19;0.43;56;-145
0.31;0.31;0.48;0.20;0.43;55;-150
0.31;0.31;0.47;0.20;0.43;54;-147
0.31;0.31;0.48;0.20;0.42;54;-146
0.30;0.31;0.48;0.20;0.42;54;-147
0.31;0.31;0.47;0.20;0.42;52;-148
0.33;0.34;0.51;0.22;0.45;54;-145
0.33;0.35;0.52;0.23;0.45;-9;-131
0.32;0.34;0.52;0.22;0.44;64;-142
0.32;0.34;0.52;0.22;0.44;57;-148
0.32;0.33;0.52;0.22;0.44;50;-153
0.31;0.33;0.52;0.22;0.43;59;-143
0.32;0.33;0.52;0.21;0.43;47;-152
0.32;0.32;0.51;0.21;0.43;53;-149
0.30;0.31;0.50;0.21;0.42;55;-151
0.25;0.26;0.47;0.20;0.36;46;-157
0.22;0.24;0.45;0.19;0.32;-34;-174
0.24;0.23;0.44;0.19;0.32;73;-139
0.30;0.25;0.44;0.20;0.31;6;-190
0.33;0.27;0.48;0.21;0.33;88;-163
0.33;0.28;0.46;0.21;0.32;55;-161
0.33;0.28;0.46;0.21;0.33;55;-141
0.32;0.27;0.47;0.21;0.32;58;-143
0.33;0.27;0.48;0.20;0.32;53;-151
0.32;0.27;0.49;0.21;0.32;55;-146
0.33;0.27;0.50;0.21;0.31;58;-145
0.33;0.28;0.51;0.21;0.32;49;-147
0.32;0.29;0.51;0.21;0.32;55;-148
0.34;0.31;0.52;0.22;0.32;59;-146
0.33;0.32;0.50;0.23;0.32;55;-153
0.33;0.30;0.49;0.22;0.31;63;-148
0.34;0.30;0.48;0.22;0.31;53;-150
0.35;0.28;0.45;0.19;0.28;57;-150
0.35;0.27;0.44;0.18;0.26;67;-161
0.37;0.26;0.41;0.16;0.22;83;-157
0.35;0.26;0.38;0.16;0.21;61;-152
0.34;0.27;0.38;0.17;0.21;49;-158
0.35;0.28;0.40;0.21;0.24;42;-156
0.36;0.29;0.42;0.22;0.25;16;-172
0.37;0.29;0.44;0.23;0.28;48;-160
0.36;0.29;0.45;0.22;0.29;52;-154
0.32;0.29;0.46;0.22;0.29;60;-149
0.28;0.29;0.46;0.22;0.29;60;-138
0.29;0.29;0.47;0.22;0.30;56;-147
0.32;0.29;0.48;0.22;0.29;55;-154
0.34;0.28;0.48;0.22;0.28;53;-158
0.38;0.29;0.50;0.23;0.32;49;-151
0.39;0.32;0.53;0.24;0.34;53;-153
0.40;0.34;0.54;0.25;0.36;46;-143
0.40;0.33;0.53;0.25;0.35;32;-146
0.39;0.32;0.51;0.24;0.36;57;-149
0.40;0.32;0.51;0.24;0.35;51;-147
0.40;0.32;0.51;0.24;0.35;57;-147
0.39;0.32;0.50;0.24;0.34;53;-149
0.40;0.32;0.50;0.24;0.35;52;-149
0.40;0.32;0.51;0.24;0.36;51;-150
0.39;0.32;0.52;0.24;0.35;52;-147
0.40;0.32;0.54;0.23;0.34;50;-150
0.40;0.32;0.54;0.23;0.34;52;-146
0.40;0.32;0.55;0.23;0.35;54;-150
0.40;0.32;0.54;0.23;0.35;55;-150
0.39;0.31;0.53;0.24;0.35;51;-147
0.40;0.32;0.53;0.23;0.34;53;-147
0.40;0.32;0.54;0.23;0.35;51;-152
0.40;0.32;0.55;0.23;0.35;49;-147
0.40;0.31;0.54;0.24;0.35;55;-149
0.39;0.31;0.52;0.23;0.35;50;-149
0.37;0.31;0.50;0.23;0.34;-3;-183
0.36;0.30;0.49;0.22;0.34;-45;-225
0.34;0.30;0.46;0.22;0.33;-1;-167
0.35;0.29;0.46;0.21;0.32;4;-148
0.38;0.31;0.59;0.24;0.35;70;-150
0.37;0.31;0.58;0.23;0.35;164;-127
0.37;0.30;0.55;0.23;0.33;43;-117
0.38;0.31;0.56;0.23;0.35;67;-153
0.37;0.32;0.54;0.23;0.35;28;-156
0.37;0.30;0.48;0.22;0.34;-17;-165
0.38;0.31;0.52;0.23;0.35;2;-171
0.39;0.32;0.53;0.23;0.37;53;-164
0.38;0.31;0.51;0.23;0.36;35;-158
